<?xml version="1.0" encoding="UTF-8"?>
<beans xmlns="http://www.springframework.org/schema/beans"
	xmlns:xsi="http://www.w3.org/2001/XMLSchema-instance"
	xmlns:context="http://www.springframework.org/schema/context"
	xsi:schemaLocation="http://www.springframework.org/schema/beans http://www.springframework.org/schema/beans/spring-beans.xsd
		http://www.springframework.org/schema/context http://www.springframework.org/schema/context/spring-context-4.3.xsd">
		
	<!--  <bean id="q" class="list.Question">  
	<constructor-arg value="111"></constructor-arg>  
	<constructor-arg value="What is java?"></constructor-arg>  
	<constructor-arg>  
	<list>  
	<value>Java is a programming language</value>  
	<value>Java is a Platform</value>  
	<value>Java is an Island of Indonasia</value>  
	</list>  
	</constructor-arg>  
	</bean>   -->
	
	
	<bean id="ans1" class="list.Answer">  
<constructor-arg value="1"></constructor-arg>  
<constructor-arg value="Java is a programming language"></constructor-arg>  
<constructor-arg value="John"></constructor-arg>  
</bean>  
  
<bean id="ans2" class="list.Answer">  
<constructor-arg value="2"></constructor-arg>  
<constructor-arg value="Java is a Platform"></constructor-arg>  
<constructor-arg value="Ravi"></constructor-arg>  
</bean>  
  
<bean id="q" class="list.Question">  
<constructor-arg value="111"></constructor-arg>  
<constructor-arg value="What is java?"></constructor-arg>  
<constructor-arg>  
<list>  
<ref bean="ans1"/>  
<ref bean="ans2"/>  
</list>  
</constructor-arg>  
</bean>  
  
</beans>  
