<?xml version="1.0" encoding="UTF-8"?>
<beans xmlns="http://www.springframework.org/schema/beans"
	xmlns:xsi="http://www.w3.org/2001/XMLSchema-instance"
	xmlns:context="http://www.springframework.org/schema/context"
	xsi:schemaLocation="http://www.springframework.org/schema/beans http://www.springframework.org/schema/beans/spring-beans.xsd
		http://www.springframework.org/schema/context http://www.springframework.org/schema/context/spring-context-4.3.xsd">
    <context:annotation-config></context:annotation-config>
   
    
  <!-- <bean id="c" class="com.cg.spring.core.beans.Customer" autowire="constructor">
   <constructor-arg name="firstname" value="swetha" ></constructor-arg>
  <constructor-arg name="lastname" value="pabbathi"></constructor-arg> 
   -->
  <!-- <property name="firstname" value="swetha"></property>
     <property name="lastname" value="pabbathi"></property> -->
    <!--  <property name="addr" ref="a"></property> -->
    
   <bean id="c" class="com.cg.spring.core.beans.Customer"  >
   	<property name="firstname" value="swetha"></property>
     <property name="lastname" value="pabbathi"></property>
     <property name="addr">
     <map>
     <entry key="1" value-ref="addr1"></entry>  
	<entry key="2" value-ref="addr2"></entry>  
     <!--  <list>
   		<ref bean="addr1"></ref>
   		<ref bean="addr2"></ref>
      </list> -->
      </map>
      </property>
    </bean>
  <bean id="addr1" class="com.cg.spring.core.beans.Address">
    <property name="city" value="hyd"></property>
     <property name="state" value="TG"></property>
    </bean> 
    <bean id="addr2" class="com.cg.spring.core.beans.Address">
    <property name="city" value="ss"></property>
     <property name="state" value="TGd"></property>
    </bean> 
    
</beans>