<?xml version="1.0" encoding="UTF-8"?>
<beans xmlns="http://www.springframework.org/schema/beans"
	xmlns:xsi="http://www.w3.org/2001/XMLSchema-instance"
	xmlns:context="http://www.springframework.org/schema/context"
	xsi:schemaLocation="http://www.springframework.org/schema/beans http://www.springframework.org/schema/beans/spring-beans.xsd
		http://www.springframework.org/schema/context http://www.springframework.org/schema/context/spring-context-4.3.xsd">
    <context:annotation-config></context:annotation-config>
    <bean id="emp" class="com.cg.spring.core.Employee" scope="" init-method="init" destroy-method="destroyBean">
    <constructor-arg name="id" value="123"></constructor-arg>
    <constructor-arg name="name" value="mahe"></constructor-arg>
  	 <constructor-arg name="salary" value="20000"></constructor-arg> 
  	<!-- <property name="salary" value="10199"></property> -->
    </bean>
    
  <!--   <bean id="mgr" class="com.cg.spring.core.Manager">
    <property name="Deptno" value="101"></property>
     <property name="PName" value="HSBC"></property>
     <property name="PCode" value="1000121"></property>
    </bean> -->
</beans>
