<?xml version="1.0" encoding="UTF-8"?>
<beans xmlns="http://www.springframework.org/schema/beans"
	xmlns:xsi="http://www.w3.org/2001/XMLSchema-instance"
	xmlns:context="http://www.springframework.org/schema/context"
	xsi:schemaLocation="http://www.springframework.org/schema/beans http://www.springframework.org/schema/beans/spring-beans.xsd
		http://www.springframework.org/schema/context http://www.springframework.org/schema/context/spring-context-4.3.xsd">
		
<bean id="q" class="map.Question">  
<constructor-arg value="11"></constructor-arg>  
<constructor-arg value="What is Java?"></constructor-arg>  
<constructor-arg>  
<map>  
<entry key="Java is a Programming Language"  value="Ajay Kumar"></entry>  
<entry key="Java is a Platform" value="John Smith"></entry>  
<entry key="Java is an Island" value="Raj Kumar"></entry>  
</map>  
</constructor-arg>  
</bean> 
</beans> 